{"cameraMode":{"drawMode":0,"name":"Shaded","section":"Shading Mode"},"sceneLighting":true,"audioPlay":false,"sceneViewState":{"m_AlwaysRefresh":false,"showFog":true,"showSkybox":true,"showFlares":true,"showImageEffects":true,"showParticleSystems":true,"showVisualEffectGraphs":true,"m_FxEnabled":true},"in2DMode":false,"pivot":{"x":1931.364990234375,"y":1131.0677490234375,"z":-63.932861328125},"rotation":{"x":-0.005999290384352207,"y":0.014999160543084145,"z":0.00008999615965876728,"w":0.9998695850372315},"size":1341.6622314453125,"orthographic":true}